nft_name,nft_id,owner_name,owner_DID,owner_address
Retro-EVO POSAT #181,nft1kn54lwu34cmvvuzjelu0la96ufqp2zkrpp9wyrd2jlcg4ah9m2aqhr9tm8,Chia Slime - POSAT Vault,did:chia:120ycw0r5un5rmjttpk8mj0mnxe3ws2nw73t4zdry8d4g670rzs3s8pqffm,xch1hlfxkdvm2p8sg2aj52mp5mmamk8k0fn0d0ql432erjk8hyv9ujnqsxgxhv
Proof of Synth and Time #22,nft1paqs7yfcylpy2kkxfd60229m97748tkq646kzqleyxs9uqnf7q7semducx,Chia Slime - POSAT Vault,did:chia:120ycw0r5un5rmjttpk8mj0mnxe3ws2nw73t4zdry8d4g670rzs3s8pqffm,xch13d2gku998jfz6za23j4xu7p59zj6kkweww4zffjm2qtrr7jqhksqfu3txn
Proof of Synth and Time #17,nft1tnq7klu33rkqx42fx9q0f6p53hslpkk506f32halu5vamsjn4j2shqhju2,Chia Slime - POSAT Vault,did:chia:120ycw0r5un5rmjttpk8mj0mnxe3ws2nw73t4zdry8d4g670rzs3s8pqffm,xch1lvy7uz6u9f473pq8hdyc5tkxznljez0mm9vn4wxhv69kh9njpq7qanafvt
Proof of Synth and Time #65,nft195fhgrje7mt9qfmvdu06yyskxrxksnspx5g6ql8rwjyr2u93duzqtyy5s5,Chia Slime - POSAT Vault,did:chia:120ycw0r5un5rmjttpk8mj0mnxe3ws2nw73t4zdry8d4g670rzs3s8pqffm,xch1c8c3nmhmftnmr5k5wvgts2v9uk2pajsekja4q6hnx686rywghtfqjtyw8m
Proof of Synth and Time #57,nft16psqk4gs9vudz9ft8vrkzvlnl5x8edjtg7pcpsm39pf4akp329as994a9z,Chia Slime - POSAT Vault,did:chia:120ycw0r5un5rmjttpk8mj0mnxe3ws2nw73t4zdry8d4g670rzs3s8pqffm,xch1as5saqkc6pw6xh3pzpzc5uv4rsfxvu34u28fpv73khgcarc32chsfagpzn
Proof of Synth and Time #138,nft1thy7tk25jwuact3mceuz64y6l6tl5uynkaccwq2lqypg47s5lq5sjee47t,Chia Slime - POSAT Vault,did:chia:120ycw0r5un5rmjttpk8mj0mnxe3ws2nw73t4zdry8d4g670rzs3s8pqffm,xch1za7jtx5aknre3ctljj5ur673h9nnz556fl7tj2lhuskcmz9ls64s4rc6m6
Proof of Synth and Time #133,nft1qrhu2vzsdx0gar99rneasyqcs26q6awvn5mtz255ppm6k7r0htasck89zf,Chia Slime - POSAT Vault,did:chia:120ycw0r5un5rmjttpk8mj0mnxe3ws2nw73t4zdry8d4g670rzs3s8pqffm,xch1qrj9gxf3w8gwupw52agvayevjprqyztv78zvmk3khyjjtyzan8zqx8m7wz
Proof of Synth and Time #130,nft1eajhj6ver6evgkg82gp57m53ca8cwh9d68ktzet28mrm799q4seqtt3hxz,Chia Slime - POSAT Vault,did:chia:120ycw0r5un5rmjttpk8mj0mnxe3ws2nw73t4zdry8d4g670rzs3s8pqffm,xch1c2ahzeks3a4nx4hfcmm28re70qleyz9666tc4vn98pymvhntcq9slha7nf
Proof of Synth and Time #129,nft12udpe48cm2kgh3nmdeukfqplameldxchvayvun2p6gnakpxp4ajqg557nd,Chia Slime - POSAT Vault,did:chia:120ycw0r5un5rmjttpk8mj0mnxe3ws2nw73t4zdry8d4g670rzs3s8pqffm,xch1we45h9xvm0pa0zv50s0jpvuemmyhe66ggxjycn8lzd8jfmdaj0ns46tent
Proof of Synth and Time #128,nft1vqpg420qz6tx943ckfmfwhzs3enez37rh70xqk7fcmrz89shfvlqqwx0jv,Chia Slime - POSAT Vault,did:chia:120ycw0r5un5rmjttpk8mj0mnxe3ws2nw73t4zdry8d4g670rzs3s8pqffm,xch15x5gs8agds69yqne9prvq2ucwz9wn0pm60n6q97evw40gevnkzts34h8g6
Proof of Synth and Time #232,nft180zatl3neu9fyxgxxugalvgq686h699mk3r53qwt4n0zc0sr68hq4gnrvl,Chia Slime - POSAT Vault,did:chia:120ycw0r5un5rmjttpk8mj0mnxe3ws2nw73t4zdry8d4g670rzs3s8pqffm,xch1xc4l84dj6wy40w84kedrzv95jg65egz7yxwqt407v5dw26s6ytpq36ykpv
Proof of Synth and Time #280,nft1pej9aurhpuhlpuxpz3ghnzckcma92ujzr4048fx5t34dyrm8r6vs0pnfqn,Chia Slime - POSAT Vault,did:chia:120ycw0r5un5rmjttpk8mj0mnxe3ws2nw73t4zdry8d4g670rzs3s8pqffm,xch1s2mv0nxalmeku6psnzutc7n8np4773ra9xw2v7pvuxzcxgx79k2qcew7lr
SynthDude SE,nft1hlxtazsqeyhrw0rcu8lzsfz7e4ktpsntrsr7x76x5hl0pzwex6kqut6qct,Chia Slime - POSAT Vault,did:chia:120ycw0r5un5rmjttpk8mj0mnxe3ws2nw73t4zdry8d4g670rzs3s8pqffm,xch1xc4l84dj6wy40w84kedrzv95jg65egz7yxwqt407v5dw26s6ytpq36ykpv
Retro-EVO POSAT #168,nft1nx7gt9858rywqr5kf4c5ml705hjdrms8sxugwcy540ucm2n7tssq203g6s,Chia Slime - POSAT Vault,did:chia:120ycw0r5un5rmjttpk8mj0mnxe3ws2nw73t4zdry8d4g670rzs3s8pqffm,xch197074x6amdrvvg3me054lv42a3yrw0nwv0z9jhtejn77cu44aw3sxtt4qm
SyntHexizer #13,nft14j2kunhl8ahtqr8tccuwxl4hvqt7cvm4nemptph8cm4nfz2qw48sdjntzn,Chia Slime - POSAT Vault,did:chia:120ycw0r5un5rmjttpk8mj0mnxe3ws2nw73t4zdry8d4g670rzs3s8pqffm,xch1uwz7mmajtv0ewzp8z5k2gj8vjjvs64swetafecgel02qwlkg3j0ssak8ja
Proof of Synth and Time #71,nft1tg79lvspzr2j5upjcgz3e3cm2lpkmg77ygx2auz880uezug4ygqsnsganw,cheesy_xch,did:chia:127wfmryse9ygnwwfyptz2ndydzax3y5hk9hhlud7gwn0qdy2nfzq8vuw9c,xch12mcn33st86qathneqrm97rcayrclp8kxkjzzzcmplq9ctzr3qdzsunqyez
Proof of Synth and Time #272,nft1qryr2lra6505ah8grxt7xpegjz2e3kkevdzg3u7dpjtdm5vju8zqc90pyj,cheesy_xch,did:chia:127wfmryse9ygnwwfyptz2ndydzax3y5hk9hhlud7gwn0qdy2nfzq8vuw9c,xch1yswn5zegehz0az227xgmhwvlph4w2sxn8zlrk7cwfkepfda5v3hsc2ncq3
Retro-EVO POSAT #203,nft1jd0m9wztp904dakc945yta6ndulx2sdjmcm9kvmdga73jxyuq2psrz3p89,cheesy_xch,did:chia:127wfmryse9ygnwwfyptz2ndydzax3y5hk9hhlud7gwn0qdy2nfzq8vuw9c,xch12mcn33st86qathneqrm97rcayrclp8kxkjzzzcmplq9ctzr3qdzsunqyez
Proof of Synth and Time #83,nft1jtwhnemg0r8p8ln2aszmxxdpvr5da3k37a45grx32y3y9r3ke5lsukjcra,Unclaimed DID,did:chia:13n2enxuvqz9pqsq0e6v3kjpqmc9mhqcsxq3qqrez497kxc9x84uq0dhmjg,xch1xef2kj5dd5kln6ncwl0saupu9q9mk0yjwmvu2fnflk60z6cgqmdsqjl7hy
Retro-EVO POSAT #132,nft1j46u846ua7lwgetuke3h2lrju2n6j7x52e3ln200tqkhu44ut5wq2d97ry,CatskillNFT,did:chia:15p6u50z8z6j65zjuzxpynke3nmlsvzh3axuehx6v9kd44tdeuqaqt9r2ep,xch1mueuqcejua85xuh6gcz5ehnlh9ayytc3p9l4drhn0pazsrtlp93sv2zv54
Proof of Synth and Time #29,nft19rgc68whh85knst78hlvpnzgdn992uv6cv8mzt0rt5g8sctnf3gqtjzjet,9x9 [NFT-Collector],did:chia:166gc98f2dzf5ekexwl43nmcspd9m0jmfkm5rs767a79jm7qphxssevvhwe,xch14kvh0fmerc599srjwclg3tfagn5p0cxtsm344u8m2rh0vlzc58vqrda89j
Retro-EVO POSAT #86,nft19ws976lfrp5c0pu0j6p97n6l566476hy3nt5tfg2ynrxtxuf36nshnl6jn,9x9 [NFT-Collector],did:chia:166gc98f2dzf5ekexwl43nmcspd9m0jmfkm5rs767a79jm7qphxssevvhwe,xch15f3a3900mv0y76ezsgt88kk6xfa0lp2rxsnr66s27rkfzma4jzyq6xf72n
Proof of Synth and Time #155,nft18e6wt94ljal8ywgtke2neu2de8wkdxlaz5d5qgltxj2yv8555v7szxrpxy,Unclaimed DID,did:chia:172f30q0lmnxn6qcngdfvqtmp2mskayx5ck32tynf0lavs3gywxdspwjmez,xch187ak7qlfslkenfuh08l2nyx2py880l9gkw8f3h2da4tqc6yp3cqq2uzc3m
Retro-EVO POSAT #219,nft1swysp6nwr8p5l33sx97ve99amujcvhnz2ru3t5yl3x97qcf7frwslr0usv,Unclaimed DID,did:chia:172f30q0lmnxn6qcngdfvqtmp2mskayx5ck32tynf0lavs3gywxdspwjmez,xch1vdamng34vkcg9gfyr6m32hp2j345hvygqt2ygp0a7h8l0n9frwdqyf76ef
Proof of Synth and Time #14,nft1g2zqrrw4xc9j3apzxv4vqhuy6wp5gpmla4jduq3f5ljk3j74mnvsfru6ah,Madderhat,did:chia:193e8r3jq4mmx0d83y3slvqq5kvkgw2a6vf6qutael7t2c2yw3zrsgf6yqw,xch18kkeuluusxeaxmlxyhrugk37fgxh4skyu5m9uvgd323hghlt9rrq7hyyhg
Proof of Synth and Time #80,nft12l6ukvd6qnnm88fq3m2ughzzdzw7km3rafsgl0p204r4jkcsad4s887x23,Madderhat,did:chia:193e8r3jq4mmx0d83y3slvqq5kvkgw2a6vf6qutael7t2c2yw3zrsgf6yqw,xch18kkeuluusxeaxmlxyhrugk37fgxh4skyu5m9uvgd323hghlt9rrq7hyyhg
Retro-EVO POSAT #193,nft1u9he53h69e0qfmrla430c26w8wetugqrzyrey02w3tnym3ndk3ysf0rh46,Madderhat,did:chia:193e8r3jq4mmx0d83y3slvqq5kvkgw2a6vf6qutael7t2c2yw3zrsgf6yqw,xch18kkeuluusxeaxmlxyhrugk37fgxh4skyu5m9uvgd323hghlt9rrq7hyyhg
Retro-EVO POSAT #111,nft100mjefw8r58kkkuhzvpkgahvm6c3vkey8k8ljg6j88ae05z3j99sz5g08f,Madderhat,did:chia:193e8r3jq4mmx0d83y3slvqq5kvkgw2a6vf6qutael7t2c2yw3zrsgf6yqw,xch18kkeuluusxeaxmlxyhrugk37fgxh4skyu5m9uvgd323hghlt9rrq7hyyhg
Retro-EVO POSAT #158,nft1wycvgs54hcw3dt6lnv9myj77t96jhpz8a6y5ggeca44sh9ly6jxs5zzlgt,Madderhat,did:chia:193e8r3jq4mmx0d83y3slvqq5kvkgw2a6vf6qutael7t2c2yw3zrsgf6yqw,xch18kkeuluusxeaxmlxyhrugk37fgxh4skyu5m9uvgd323hghlt9rrq7hyyhg
SyntHexizer #54,nft15m2mtmldukxswtl25aavvh2gd0pmayqph90yckypcv2zkkagzcyqa9fcws,Madderhat,did:chia:193e8r3jq4mmx0d83y3slvqq5kvkgw2a6vf6qutael7t2c2yw3zrsgf6yqw,xch1zv2cfmmrnhcz2aez8yvqd4smtcez63q0r5868ww8c5haypwkmsus24dmtg
SyntHexizer #7,nft12qh7hcz92c3vzw7xh5dkxrjuef3ptatvu8vc4tugvzkxdpef9cfshnfz5p,Madderhat,did:chia:193e8r3jq4mmx0d83y3slvqq5kvkgw2a6vf6qutael7t2c2yw3zrsgf6yqw,xch1h4qh3az8ra0px0f8pqu5hmnlm8ngctkscrk0uqeptrxtvcrl8uyqnlt895
Retro-EVO POSAT #136,nft1ygwjjr25t9tsy05ck8ktjemu7r285dnwrh52rs799pmtcwnfj5zsq8zutg,üê≥ Master_of_Chia üê≥,did:chia:19etfkkuyqavn6xj4sftpx052ep4l72r3dcgjacfjta6vsm223zls0zp4yp,xch15k7fuhev80jsgx9vlafy8cvmduad4k7hzu5dvfpjhp35h36vjnuswfsyc0
Retro-EVO POSAT #221,nft15atlw9m6t4wqfxjlmgpj6wmrdx7l856y6rkhs64ruus60gkedaaqy0fvyl,üê≥ Master_of_Chia üê≥,did:chia:19etfkkuyqavn6xj4sftpx052ep4l72r3dcgjacfjta6vsm223zls0zp4yp,xch1mee8ghgsvqh7sdrycfz6j60n2jazs2yeh4m8tq7ggl9qp4csky8s98kmjw
BigD Appreciation Piece ,nft1shwtjtxsy7xfag7e8wld7uvd0y3ngq2aaj6r9ya6mzvzk9jt260sxyhlh3,üê≥ Master_of_Chia üê≥,did:chia:19etfkkuyqavn6xj4sftpx052ep4l72r3dcgjacfjta6vsm223zls0zp4yp,xch1qkyclppkpcetvwjvc9j7lqe8duunhd04jxmp5mdmfl30fmk5lmus3zrr3n
Retro-EVO POSAT #11,nft1uxfaxgnw7xzkg0mmxq3al2jper0va97axxl8u6p02yawdk6z4d6qs36xkm,Ivsky,did:chia:19rg34ld4artzv59ganmc6gj4yyvg0nwzg8ctekzsnnr8kqtcnees6x440e,xch1lwfjk7k56jcs3ar75fajtgj2d92nq2x33hnxh9s8e837e995mdzs7tymr9
SyntHexizer #12,nft150n925g83g04sghnpx0dummes9nwsw9muwnxklhptyr7ydqtln9qxmsxsn,Ivsky,did:chia:19rg34ld4artzv59ganmc6gj4yyvg0nwzg8ctekzsnnr8kqtcnees6x440e,xch12n4wpap6q3aycfwecn4zrkpquhfffuul0vtvsmg549tsnyactyjqzjadlt
Proof of Synth and Time #25,nft1g4mk87m7d4ma0js5c9q7deplsxpg06fxjzy0s23qhucysdt9cw9s5h0wgj,Josh Painter,did:chia:1ar35mu00g86j032ffn0xjgy8d5uh9q6kcvyap7n073pyxlhpmufsjd4kya,xch182tpe80n8j2x4u6uy7p9ypw72akdd3kxtud2qjgdm75rkcna263qpd83c5
Proof of Synth and Time #255,nft18v9ejmdr8c7au9jnvcrzrywf9nfe95zn58ly4xcgplndzgj3v52q2hkgc3,Aeroscompany Personal Collection,did:chia:1c8vdk48ed3xn60sjcjwu8m4suaf7zdk4umetkyl5gfgt62fp2hmqrt785m,xch13w423pmgyjt8555fu9hyuprh4ztmvvek7yq77hggljl2terxn65sxqfydj
Retro-EVO POSAT #146,nft1ydgypmcscg0rstvyhjauru8wnvef7rs4h3pvv8zzp9dapquzzg5sdxe4m0,Unclaimed DID,did:chia:1ceq3lp9rjn5hlct57etf2kdazcetglts89gdv4ga6mq8n43w73eqljujmv,xch1pkg5alr49nf9szf4xf7ddj44unjeaunavea4khmqlp4q8knnysxqe2qr8h
Proof of Synth and Time #9,nft10n6lpp0grf300szd5rlc4jang440vw6gzahzwg0hudnad8vavmmqpqp5na,andthemachine,did:chia:1cjknx7chwj58nyd0wkf0wv7545yslu7zkqnx8nv4mvjf7l0v3ycsd6hk4d,xch1p7egkcr0teafh5yjrjqm3mfhwt2y6zwttugpltuxvzkq0pmsy8ss6uwvgf
Proof of Synth and Time #114,nft1msezp45fl04pa7sngg677n4f6dnjnaa3r8v27etc7wpwl6wyrqlq3q8wfq,Maverick,did:chia:1e8gccfnu4pk85uze2y3wnln0dpuhsza5g3y9rleg40a6h37kt2hslgell0,xch14knw5kd05calxr9t84np6ax58yqe5h7jjuyvzjf4ftlv66lwmh2qnmqqy7
Proof of Synth and Time #36,nft1wn7hzukkulntgnjl9mh7hj9ngc6u5n3felxxxzvz6n97zynzf2usn700pj,Pimpuli,did:chia:1eg8r9mm7lngq8ha8aw2ls4mkmhduqqrc32d99kt9wv7es5hgukxqxharde,xch1j4k9nte0da72wfs4uvzmsvj8vlqdkv2rz3l3j2x7fhf48ztwdcgsl0pvaw
Tomorrow is Another Day..,nft1ftdjlpx2wdmn9yvt9y2cfnsvq67qzwd74x0c4hm2g3vfd4w7c7xqm6j9vc,üå± Aquankh üíß,did:chia:1f8exnnjt7tq7clqw0z7gztcumc77w3mnj92nfvndgj2rp2uk0amsya90x6,xch1htsukhsh2yrp5mqa344qya3xpqgenad9xcmfyaj3drl0hadgu80qw9q3yv
Retro-EVO POSAT #211,nft1m8rh2jvdfx6t94z9yff567der2uqndsqag7f27sz6p8n79fuxcuqgwtnkv,Unclaimed DID,did:chia:1fznzsqmefn3vhs0z9eu52wjz0cjyeuadux8lus2vmr9tjp2f6fdqk3t6d8,xch1xtpq9zz7jl3wyuwf9m60jac4me2hk68ypks7k82wpm94swmy9qlq9mjxl9
Retro-EVO POSAT #149,nft16q7cnf8s9fznnn9jfesnet2u6pn8dswkg3nvsr3e5trs0uvl54hqcv639g,Unclaimed DID,did:chia:1fznzsqmefn3vhs0z9eu52wjz0cjyeuadux8lus2vmr9tjp2f6fdqk3t6d8,xch1yvun2sj4fn0fw7lstxvn5kr8jmkj7mzxns4qjrxe8nlf8wvgwuts4y3g0l
Retro-EVO POSAT #6,nft15tz9m69k3zvyacjq476cu9vr0xtddham2436s5n2ln7gzat7xq9s8lp23m,Unclaimed DID,did:chia:1fznzsqmefn3vhs0z9eu52wjz0cjyeuadux8lus2vmr9tjp2f6fdqk3t6d8,xch12g34ugs5a8jyrz6uskcnd08e87qgs4vu628964s5cjqefcefaqhq0xpd6s
Proof of Synth and Time #1,nft14c4wkt9seu6c2zfdfcwcpdykfwka3246ywhtrk7k4v5hgffnxdrqlmqhcy,The Uno Museum,did:chia:1g3qvkavkq9aysns6zfnwk0e9d85jd5hqhzhntcs5kw0e3yg3kh9qqk69r7,xch1k8rqchyjnczan33g6y5af7qysa2age96cmlzlvpql83gv8x9y7vs272z2e
Proof of Synth and Time #7,nft13y0x5n2kkd3lerw40jrkjh62q5wd3fzafggz7gznaazmar7tc0psukevpa,Tim Youngman (Creator of Monkeyzoo),did:chia:1gl8ndx34te6ypf5a0kcpt2ek2eenu2mqsgslh9vy5wr7zn7j655qn0j04n,xch1ea4tsmvnjpkytnrwmauw6dystavc9errk8km5qp76rw7hjax90ssm6jmu3
Proof of Synth and Time #38,nft1g7aawmc2flxdx3dyhq6fhs0el2frr7u6uq0rumucgtsu0q4l99msfvf4cp,Tim Youngman (Creator of Monkeyzoo),did:chia:1gl8ndx34te6ypf5a0kcpt2ek2eenu2mqsgslh9vy5wr7zn7j655qn0j04n,xch1ehn8zqu3vgxam4j24uf74ttw9suzhsssxz4vhtsg0rmd6tn5r6hq00z842
Proof of Synth and Time #58,nft1840fmxfakfx3q94wql9s9splq6j8m8cgzhcn80vmwejapt83xfcquawfvk,Tim Youngman (Creator of Monkeyzoo),did:chia:1gl8ndx34te6ypf5a0kcpt2ek2eenu2mqsgslh9vy5wr7zn7j655qn0j04n,xch1djum0rmes2c2zdppcg5mzxlpaem8s8m9gwmdsjcgd8466d65x2zs7aj9n3
Proof of Synth and Time #52,nft1g0kvn7mtnnle6gkqeknd5njlp669sdus7vzxke5a3makzx9wqftqeexdh4,Tim Youngman (Creator of Monkeyzoo),did:chia:1gl8ndx34te6ypf5a0kcpt2ek2eenu2mqsgslh9vy5wr7zn7j655qn0j04n,xch14uyeva3lhhx2kvydxzx54jh22mw8ehc9t739n8w72t3ku5jdpy9q633hqr
Proof of Synth and Time #92,nft1mz04hfgmh005rz69nqqvrqr0hx56jwh7ewegx5zdzvljchq4qgtshm9q77,Tim Youngman (Creator of Monkeyzoo),did:chia:1gl8ndx34te6ypf5a0kcpt2ek2eenu2mqsgslh9vy5wr7zn7j655qn0j04n,xch1ytxcaq5rpe5v340qrfxtuk0rxdlqm3awutn74dsdk8c9ctvg9jwqqa9vcu
Proof of Synth and Time #91,nft17q5se0ag69j85vxq7ylj6fguvdaulqhq7qy2h9rksp3ukdx8w8usy58dnn,Tim Youngman (Creator of Monkeyzoo),did:chia:1gl8ndx34te6ypf5a0kcpt2ek2eenu2mqsgslh9vy5wr7zn7j655qn0j04n,xch1umu55wmrp6jptle64v63chztuk058wv0tg8eemj9rtx7cpa2udkqmkht5h
Proof of Synth and Time #171,nft1udk9a29vhayxwxu2zeh2jfaym0ggtuzxkyrd2ykss7yg678xmyqspj8ne9,Tim Youngman (Creator of Monkeyzoo),did:chia:1gl8ndx34te6ypf5a0kcpt2ek2eenu2mqsgslh9vy5wr7zn7j655qn0j04n,xch1ea4tsmvnjpkytnrwmauw6dystavc9errk8km5qp76rw7hjax90ssm6jmu3
Proof of Synth and Time #185,nft1jlu5kw4efmck70kza7qsev7cggl2qgqqjpqapexn5pnvwdxyq5hqr6krka,Tim Youngman (Creator of Monkeyzoo),did:chia:1gl8ndx34te6ypf5a0kcpt2ek2eenu2mqsgslh9vy5wr7zn7j655qn0j04n,xch179t7k9wgzjp4rk4ycjqfn83zhymn9ydh9gk78k6wvz5um3ew848q8zcz66
Proof of Synth and Time #176,nft1f5zp8rh2fv456zhwul38u3d623h8j7h6l4v4ctraghfsp5wxh5fs8acqyv,Tim Youngman (Creator of Monkeyzoo),did:chia:1gl8ndx34te6ypf5a0kcpt2ek2eenu2mqsgslh9vy5wr7zn7j655qn0j04n,xch1ea4tsmvnjpkytnrwmauw6dystavc9errk8km5qp76rw7hjax90ssm6jmu3
Proof of Synth and Time #248,nft1qv5emxs6w5a9l7uej7xdwlr8xj3aagw6nhg2ujrj50gfr095ck0swrj98r,Tim Youngman (Creator of Monkeyzoo),did:chia:1gl8ndx34te6ypf5a0kcpt2ek2eenu2mqsgslh9vy5wr7zn7j655qn0j04n,xch10r6w8dpjtpyejpd62c40mlc2zaeg8lf24l5prlgczrkgxrhscwcqjqju66
Proof of Synth and Time #274,nft1mxvata66s3npa9atyw4t3lcrjnvgsemsk5ed7v3z63p4s4uwy8ysr8gh3u,Tim Youngman (Creator of Monkeyzoo),did:chia:1gl8ndx34te6ypf5a0kcpt2ek2eenu2mqsgslh9vy5wr7zn7j655qn0j04n,xch1ccvnv3n4xgs269x40kvyflazn8s6cjadu0m2kw55nmalnhmv06vsdaseep
Proof of Synth and Time #271,nft1xp5x3mm4v9gelyyceq4arscu4d3r6jqe5pflvvsx5xz6hzxnp27qtdpkyn,Tim Youngman (Creator of Monkeyzoo),did:chia:1gl8ndx34te6ypf5a0kcpt2ek2eenu2mqsgslh9vy5wr7zn7j655qn0j04n,xch1jzn7fmfdrj3hwfjmw539lt0dwhzyndp33kyjhva6spxknmw72gts4m2tm8
Proof of Synth and Time #285,nft1nh57z26k6sshjnn95qer5tljuhgpg3plrulnth8rjks8sc6ua4qsv9rfh4,Tim Youngman (Creator of Monkeyzoo),did:chia:1gl8ndx34te6ypf5a0kcpt2ek2eenu2mqsgslh9vy5wr7zn7j655qn0j04n,xch1kjeshzej2a9urmhkk3c9exjlr3d3pl032pn7rmpchl7gf20xmz4s2ehau2
Retro-EVO POSAT #277,nft1a0vvrdq02cqwrhs6e9fzdr27mu8wf6jx42pfppyar6jfz8tfkxesvk0kzd,Tim Youngman (Creator of Monkeyzoo),did:chia:1gl8ndx34te6ypf5a0kcpt2ek2eenu2mqsgslh9vy5wr7zn7j655qn0j04n,xch12jhpxnuw8pvdlgm2s4twvszked8h43dyjytyh0yqxrhfvm7376xq6tha5a
Retro-EVO POSAT #281,nft13nzw46zh6qps7rvwm220a8d2hf6uuwxelfkatp4gtvxnacweea5qhwja43,Tim Youngman (Creator of Monkeyzoo),did:chia:1gl8ndx34te6ypf5a0kcpt2ek2eenu2mqsgslh9vy5wr7zn7j655qn0j04n,xch130h2rpnve6n542uwu2xzq28mgdqat68fpcngsewwr7wyy86wzj0slcf4uq
Proof of Synth and Time #249,nft1t7ve9fgcarw58tlzgvugffwlsk98ehn3qntppee3egz5q9unz3zswyzmnc,Tim Youngman (Creator of Monkeyzoo),did:chia:1gl8ndx34te6ypf5a0kcpt2ek2eenu2mqsgslh9vy5wr7zn7j655qn0j04n,xch1z5eqjumktqtez4unv6dsmgk7nz3ea05lzfg3vfp5l6mjlcph3vuqnk60gy
Collage de Synth√©tique,nft1wskkrzx3flw6yfxecw7l69s9xxjgyjynjml6sl39rxmtad47f7as4qwscy,Tim Youngman (Creator of Monkeyzoo),did:chia:1gl8ndx34te6ypf5a0kcpt2ek2eenu2mqsgslh9vy5wr7zn7j655qn0j04n,xch107gau68fhd6nt894sv9msqtxdyay5zy58a2naz9la0z2mrz2fwkqhqf76d
SyntHexizer #24,nft1fmpest0fpj7mzxddl2p02zkkv6rqp2dzclqfqfzxje9s8dp6225qpx7hk4,Tim Youngman (Creator of Monkeyzoo),did:chia:1gl8ndx34te6ypf5a0kcpt2ek2eenu2mqsgslh9vy5wr7zn7j655qn0j04n,xch15a2klgz986sch22f2j7078mxqswzlhhv8ysu89sj5hqxl5rhkaaqqk3nqj
SyntHexizer #14,nft1apjdf4fh60y8fhz6lt20dpxp73gpswhm3w9lqy8scxhyeyyeg75setekne,Tim Youngman (Creator of Monkeyzoo),did:chia:1gl8ndx34te6ypf5a0kcpt2ek2eenu2mqsgslh9vy5wr7zn7j655qn0j04n,xch19pn4kxz7usungh3pxp2aytxvz3pwnt7k8zcfj3uaz2ca069n8wsqcrpfrf
SyntHexizer #8,nft1jtteu0nlv85vuljzt4zh8xpt3wd286zxgpghsccfxhttvxxzqfeqwrgz8d,Tim Youngman (Creator of Monkeyzoo),did:chia:1gl8ndx34te6ypf5a0kcpt2ek2eenu2mqsgslh9vy5wr7zn7j655qn0j04n,xch1fcrycey6hl729jn8qkgzagmznaeu6hqw2acvynmfqux586negy9srrunfl
SyntHexizer #39,nft1wh6a3nup79j9cqqd8v8w7jj57hsuj9mt5grguqwxy06vce7aq4ysmwr56d,Tim Youngman (Creator of Monkeyzoo),did:chia:1gl8ndx34te6ypf5a0kcpt2ek2eenu2mqsgslh9vy5wr7zn7j655qn0j04n,xch17f28537v5due5j2qpwgfcwsussnytr8vdnvdd0ct3df7uz6us6usrpn3r8
Proof of Synth and Time #180,nft1pwlzqr22y5vefcdnznrzrhtaustr37fzpzwcajuwtmyh833v3grsmq44nz,lucky8.xch,did:chia:1hp4e7mndncevmz9t9hul6xucsg5q0kpauetcfqj89t4xze7zuswsf7z8a9,xch1f43q5cqprvj8gxaxzxnck3x9v6j4q64rm203l7uwfw4zn6ruwltqzeez5h
SyntHexizer #9,nft1hqd2d7e9sey6x63jkt2qnyjlnwe2ytsf7gv6vrh004nqskxz4nxqrq5339,lucky8.xch,did:chia:1hp4e7mndncevmz9t9hul6xucsg5q0kpauetcfqj89t4xze7zuswsf7z8a9,xch1s8e2m4veaymm6n5v0k22yg89urud79np9knnx8dux80mgqmfw30qvk0js2
Retro-EVO Chia Slime #142,nft194r2c7j46rqr8j9sdxfnkr59v365mty8japcg6ats0rs63sa6gmqj6087h,Unclaimed DID,did:chia:1l357k4c0sr20v8jep4puc3e4kaecccl3das9ragcaza6e9g4khzqr33fx9,xch1nke8g2huzwtemejukmustdwdu60gq7z3rhvqca6ynpy4sjawp9kqam9707
Retro-EVO POSAT #119,nft18md2j2w4cwlyamfdswc8fekug93cnkm924g66056fp4ma88k9zasxf2gnq,w@rm c00kies,did:chia:1ltmq9r72rmj37drl2gpn4n9wwxehv0dtlrxz2kfdxav2y3qvxzss647qc2,xch1hpf8ksf5y4mud0z836p50p8kvw8j368q9xwjdp4ga0s6e6jjyx6q9hvl0d
Retro-EVO POSAT #15,nft17ec7esqsk3scgx4cgxafsh93c4070jkkwk6g0nep7wny0wax99uqcedpp6,w@rm c00kies,did:chia:1ltmq9r72rmj37drl2gpn4n9wwxehv0dtlrxz2kfdxav2y3qvxzss647qc2,xch1hpf8ksf5y4mud0z836p50p8kvw8j368q9xwjdp4ga0s6e6jjyx6q9hvl0d
Proof of Synth and Time #245,nft19t2ef6nr6sgkyva2y7c46yunljmczuetcyj0j4gy600evuk2l6vs093uke,Steve Stepp (collector),did:chia:1lwf5wtluvc5flp2ht46xprwvadyykjsctjcgyl3ffktzmd3d4r9slupmsq,xch16stm0946guyngtjwqgedx25pwakzzcf50c7480mxaa9ldmpeewcs40rgn5
Proof of Synth and Time #253,nft1uwft3rdms0wjcfxx4l2k2fls92sh0ap27vwv9tmxh0xljuz99zqqc30qsl,frentzy ,did:chia:1p9mt3slxkfg9mu0xj8wqycaygwphpj0s5uzjy9lydzr45nuj52msctmzef,xch107cr9anm6nfjg34jr8w4vy2mydethnxn370e7nytkclahxd2q22qph8fgz
Proof of Synth and Time #31,nft12j6qcnw2u94ggt5jtl46k5xp6f4tlxnccws864544dhfj60ez26sfn95mx,MrLynch,did:chia:1q3sm8u7vle8hfv7dc7xzkaz94lgtfxekpjgmzn8q3qc35m6jmv9q2nekcp,xch12xs5p238nd03240vmaz5x0qv36jus3cx7whjygk3yf5z4l2xet3q75266a
Proof of Synth and Time #60,nft1ejhs2057544vews29wkvuy5vqsr8xrq3v6gkwjey4ra8xt9ltqvq6cxnef,MrLynch,did:chia:1q3sm8u7vle8hfv7dc7xzkaz94lgtfxekpjgmzn8q3qc35m6jmv9q2nekcp,xch108tztn6aaff678r93fxt27akff3ynmscvjfrl4wswrdgg2rrlg6q3g33fg
Retro-EVO POSAT #243,nft1qh0kz34eezxetnl3k6wna6jl72vuptyul8ylmymvta5yk9urpgmqh6vr0h,üå±Royalties Guaranteedüå±,did:chia:1qcxuhk9zy9sn59tcf6pvkmqeseup28m58njfwjmtgz5p53udplvqz2a7qf,xch10vm40fvqvcvj67znceshypzye3r0kmm5stmh6k2mgj97wsrjcassvcwgmg
Retro-EVO POSAT #81,nft1dyms3p77pyp9gq2f7qpsyf4xask8dumk3jlkljhn75y3adwecemqlcg4yk,üå±Royalties Guaranteedüå±,did:chia:1qcxuhk9zy9sn59tcf6pvkmqeseup28m58njfwjmtgz5p53udplvqz2a7qf,xch10vm40fvqvcvj67znceshypzye3r0kmm5stmh6k2mgj97wsrjcassvcwgmg
Retro-EVO POSAT #95,nft1sz6z5z2hgkdz39vunrm2wfdq0wpnrxl4k43m07sx60vj04h4kzeqxhjuvj,üå±Royalties Guaranteedüå±,did:chia:1qcxuhk9zy9sn59tcf6pvkmqeseup28m58njfwjmtgz5p53udplvqz2a7qf,xch10vm40fvqvcvj67znceshypzye3r0kmm5stmh6k2mgj97wsrjcassvcwgmg
Proof of Synth and Time #79,nft1ux35ytzjzdanplmcfvz34st6lcr8dr4z6ac22vkmgug89gz490fqjx3606,Aalae Benali ,did:chia:1rkwfgxrvlv37dkaml9acqtac97052juv7xku00jwjf3d2ts0897se0wt3n,xch1zw6up0rea7ezy0nms74fp4mtvmqwzvpdmvwurherqjv2q2af42tq7d3cdh
Retro-EVO POSAT #246,nft15hhnfqr52zp6wcvagnt5suukjaljn7j49trv2j05eq2qvlsf3kysx8l4rr,Drewski,did:chia:1tedggf7wqc0amxyjdwz43mku0gu7y40dscszh0pvp6wwcuarlphq8jhv4l,xch1rf7jdugk0qprr2w9rkk7qh6nse2al03ljrczs0tw72l23s8rf83sj5gs3v
Retro-EVO POSAT #44,nft1436lt86gthdeflzfmf2xwga3arl26c5cnj2qvdf87ggqwzx0y8dqy5vpm4,Drewski,did:chia:1tedggf7wqc0amxyjdwz43mku0gu7y40dscszh0pvp6wwcuarlphq8jhv4l,xch1rl5nmflcydzar4rdx3mqyn8hdc2pxtj5fuzjwj35cmy9dzs9xedqkgnxgx
Proof of Synth and Time #5,nft17ga9glc6mnffdvk50s72jay0td7993n2s5lekk9z4w7yyy2hpj5qh3k2ua,Drewski,did:chia:1tedggf7wqc0amxyjdwz43mku0gu7y40dscszh0pvp6wwcuarlphq8jhv4l,xch1n46t754krmnpmxz4t30dg7vcy6xdzlavw86zs67lvcdd99dy709scs4qfl
Proof of Synth and Time #45,nft1tq2xvs22jnnkr09acruph6c9wa3a9qjchv6ge02c2tr50wcgs9uqahaclf,Drewski,did:chia:1tedggf7wqc0amxyjdwz43mku0gu7y40dscszh0pvp6wwcuarlphq8jhv4l,xch1g6x5ga743n7j7wt589cra058g2vvq5n43u4mwlrjmlz0k8naaj4qns93pn
Proof of Synth and Time #69,nft19kpy2zs7ur206e0f3xsrcegvlkr23amjz25gaa0yvknq5mvy5dxs3agwf9,Drewski,did:chia:1tedggf7wqc0amxyjdwz43mku0gu7y40dscszh0pvp6wwcuarlphq8jhv4l,xch1nwwawt3sxl94vlvy76r4aejmtc0ewhv3sulcmugtu5dh5qhd6vnqppfehm
Proof of Synth and Time #66,nft1k76jyhqkmv6j3k3hsyj9xcx3vpfnc7as9wgyr4h8gppfg5sjxq9s6n4f9t,Drewski,did:chia:1tedggf7wqc0amxyjdwz43mku0gu7y40dscszh0pvp6wwcuarlphq8jhv4l,xch1rhv9368lncefwecegetv0a57tqu77gjp4w6uawg2wa5lajq9vt0q6gx2vj
Proof of Synth and Time #125,nft1z3kq5esjetv4lcn0pjayk9ytrnsvu3urgcvhvvdnap38pqfw0p7qxtr950,Drewski,did:chia:1tedggf7wqc0amxyjdwz43mku0gu7y40dscszh0pvp6wwcuarlphq8jhv4l,xch1uyt5jecq9l3vh8z08jt5f7vmvhga4tf49wkxgh72l6hprad0wlvqvqvxrf
Proof of Synth and Time #113,nft16wcahymlsp2w906t69m5wuf6xj0xhdnre6y6jx540fk7s6t3szks7xqyyd,Drewski,did:chia:1tedggf7wqc0amxyjdwz43mku0gu7y40dscszh0pvp6wwcuarlphq8jhv4l,xch1065q5xvutqpatd7gffauawzdu9vjgxanjw873ga0e9k4fje72x9s3gn9k2
Proof of Synth and Time #188,nft1g7ckxelksnsmhhe7jr46ywl7el53m7gacdcxpz5vyexuzd8g9ggsldfn56,Drewski,did:chia:1tedggf7wqc0amxyjdwz43mku0gu7y40dscszh0pvp6wwcuarlphq8jhv4l,xch1qyfh9ezvcj4segj33ta8hgu0q9wyuxrku5e0r27qqj39ch99cw9sga57s8
Proof of Synth and Time #276,nft12wzjfhex2phyp05jpcd3clx8p0pfqfjxq8lh86fj23wqqt4q64kqq06tar,Drewski,did:chia:1tedggf7wqc0amxyjdwz43mku0gu7y40dscszh0pvp6wwcuarlphq8jhv4l,xch10x0gmshpd04w2xz3qdnnmux7s7hqzuh2u75qww8n0g0cwqak0h4swt2pn7
Proof of Synth and Time #295,nft1hmtaw0h8v9n3g9635m9wglsrya5fz6u5q52jhjus634ufwa2yh8s8aqz2l,Drewski,did:chia:1tedggf7wqc0amxyjdwz43mku0gu7y40dscszh0pvp6wwcuarlphq8jhv4l,xch1hmseryahl78gqef0c3h43x3uw403gr8unjtkt4s8n7sfwl4f4e4srsu5f0
Proof of Synth and Time #293,nft1x68mev0pk8mlll58fe9rhqfhzu5rqt309ngajpa9ya477353zg6qpq65sw,Drewski,did:chia:1tedggf7wqc0amxyjdwz43mku0gu7y40dscszh0pvp6wwcuarlphq8jhv4l,xch1yegq8jgjka6dfvw9wysm2eee7t780ewqfczqzd69ggt95lkmxa4sy9av8r
Proof of Synth and Time #290,nft1mjmngq77jzjep53sgypg8hj67hrsn4l6xetnt5p76tak735fxclsp6sla5,Drewski,did:chia:1tedggf7wqc0amxyjdwz43mku0gu7y40dscszh0pvp6wwcuarlphq8jhv4l,xch1e39gl2fv0my35q49cr3kdhyxxw4mfyr5gqsgeuecwwe46aqyvaksmkcvjm
Proof of Synth and Time #273,nft1n867hlm3dy8ang7ua5rjla3qw77f56wuj9uff06pw9l5n4pzck2sjddxpq,Drewski,did:chia:1tedggf7wqc0amxyjdwz43mku0gu7y40dscszh0pvp6wwcuarlphq8jhv4l,xch1tn3ajmku3vrlzpuw5yf0lvnk605p84j9fngsfyl7an7tzm5mk9esyvdvc3
Proof of Synth and Time #254,nft1zxcvccuudh0c7ung54fm97agzscxzvrxtp3vumyy8z5us7tdkfpss96rww,Drewski,did:chia:1tedggf7wqc0amxyjdwz43mku0gu7y40dscszh0pvp6wwcuarlphq8jhv4l,xch1t79r8nagsfjx34tqqlrhts4n67hyacmv3wpt6pemhxcn6ugw0elqdd4q75
Proof of Synth and Time #242,nft1we4ckxu6du82umyf8ezjjacd5lssz096vh5pmt34kg3ka2mcnetqk7xrja,Drewski,did:chia:1tedggf7wqc0amxyjdwz43mku0gu7y40dscszh0pvp6wwcuarlphq8jhv4l,xch15kl4nsuwv6tpcajc0nr43pfz74z70jkuskluhqexe27fnm2uzt7qm89e9f
Proof of Synth and Time #241,nft1w4jyufu8gx2whtypqdm6snglkfwqqa0ff5kcjsqq632ttq270nsqfkw79f,Drewski,did:chia:1tedggf7wqc0amxyjdwz43mku0gu7y40dscszh0pvp6wwcuarlphq8jhv4l,xch1hzeycqxzxtssk9y8qceqermd329hw2l9mntfy4xjp4k5qlqkgmasjeja6p
Proof of Synth and Time #238,nft1qrp2uphsjjwql5hqnl9vrv6frdzc9nk0mx80tpaze8zrduglxdasuf4y9w,Drewski,did:chia:1tedggf7wqc0amxyjdwz43mku0gu7y40dscszh0pvp6wwcuarlphq8jhv4l,xch1lfg4w46wr4400luygluf0mm00zawnjhae5gm5g35ejwg4z6f6wnssahcz2
Proof of Synth and Time #230,nft18ut3lkgyvtnq33pvteuj0vy8w30d9rpz234u96ny6475u4k23j8q6r9ryx,Drewski,did:chia:1tedggf7wqc0amxyjdwz43mku0gu7y40dscszh0pvp6wwcuarlphq8jhv4l,xch1jcdgtyvstdk5tg7rxs599wks0a7cjq7nfde2h7jfr9dtzh4j60jsqgj9r4
Proof of Synth and Time #224,nft1l5lsqvnedxvsaezd0puk2jcqsfvvx8wlnz4j2gfjfmnph7sg3a3sr0m6h0,Drewski,did:chia:1tedggf7wqc0amxyjdwz43mku0gu7y40dscszh0pvp6wwcuarlphq8jhv4l,xch1ddcxr6gxxaufr5muagfxcs3gdxx35x5s5ltrrvze6qdqmrxdjwfs92amcm
Proof of Synth and Time #223,nft19crsfq6nwgqr94y8kxax6pa0nva03qn0wf3gmwppq24xvtllf54q4ufke0,Drewski,did:chia:1tedggf7wqc0amxyjdwz43mku0gu7y40dscszh0pvp6wwcuarlphq8jhv4l,xch1zcvj9xf0hg3ernehxqdwqqv2d9u7jaedmc39y25jhnscj7u9ckpsg8zs7t
Proof of Synth and Time #222,nft1ehp59q66rzdx6z2gqr7l7zune3xwq2gq6kltwu5f2pttdrtw4g7s87rxxu,Drewski,did:chia:1tedggf7wqc0amxyjdwz43mku0gu7y40dscszh0pvp6wwcuarlphq8jhv4l,xch1rxevwc3u36hl8chxyq66dgx03r4j04tc0cj6n90wjspx3mkgwgjskyax3h
Proof of Synth and Time #218,nft1s7htzz0kyeyh557q5fx756rv62gda2f0nly82jwn85vdxzqw5wgqfxyzww,Drewski,did:chia:1tedggf7wqc0amxyjdwz43mku0gu7y40dscszh0pvp6wwcuarlphq8jhv4l,xch1elukuetqw6nde7gv95ngcr4x5vxhfqfnfg5gnv0942awxz62asesl48a8k
Proof of Synth and Time #205,nft1yrdzdrrv6umll4z3p9njactsj9aagce6ktpcth86d5fan0vyvnsqgw0qkt,Drewski,did:chia:1tedggf7wqc0amxyjdwz43mku0gu7y40dscszh0pvp6wwcuarlphq8jhv4l,xch17h3rvkzss559erkvu8j9zswtnrcmx4h9u4je7wdy3mdekahqtnysxap3df
Proof of Synth and Time #194,nft1k7l4z6xgrm5qll06ajszgmts2znacn2s8tqv67s8x8k0e5jx2fmq7rljck,Drewski,did:chia:1tedggf7wqc0amxyjdwz43mku0gu7y40dscszh0pvp6wwcuarlphq8jhv4l,xch1p55dpmae07d9e7pnv89fvnamgrm90dshwrknexpuq5v8jtwjzy2qrg9qf5
Proof of Synth and Time #175,nft1lrgxv9snmesngspn84zu53hehcd8a0nd2m3qrf9qt3gythm44rhs7anec8,Drewski,did:chia:1tedggf7wqc0amxyjdwz43mku0gu7y40dscszh0pvp6wwcuarlphq8jhv4l,xch15k2hxe0guknr98njrl6yn5w2534h0ty5yjveuxk0994tt6t0tnlsgrh9fd
Proof of Synth and Time #167,nft1cqplrp925n6qjpng98w7dgxdd82ycxkarlx0hgq60hxxldhlsftq3jyank,Drewski,did:chia:1tedggf7wqc0amxyjdwz43mku0gu7y40dscszh0pvp6wwcuarlphq8jhv4l,xch17ggt8wp9tq66lm0y0kanpr9xj4zwmx2szj5p30flzej073yhatls8va9kj
Proof of Synth and Time #134,nft1nqsgva5xd6ht3mgcpuz7rpygt6snupz3smc4sw3qhrptzexusp6srps5rv,Drewski,did:chia:1tedggf7wqc0amxyjdwz43mku0gu7y40dscszh0pvp6wwcuarlphq8jhv4l,xch1kn2dq53zdlxfs2gn2g8hzfqdy60ga6np459gwyw8gnsxyq4j54jsc59563
Proof of Synth and Time #109,nft1f8zkphk0pe9pq7vuqdy9c0kyskgpehxrzumscknkthn0dr78dapqufjng3,Drewski,did:chia:1tedggf7wqc0amxyjdwz43mku0gu7y40dscszh0pvp6wwcuarlphq8jhv4l,xch1dmvvw5nqdxtn3d3q3fcs74nlmdjtvzf6hzxfgv27qezqz3h5px9qe6mk8y
Retro-EVO POSAT #156,nft1tsu8fxcz825pff30q3vtmq0lhahv55vzgn0jk6u7xn7ewdxltyyqefs6m4,Drewski,did:chia:1tedggf7wqc0amxyjdwz43mku0gu7y40dscszh0pvp6wwcuarlphq8jhv4l,xch1vxzcze3g468x5scyjgxk7sajg8mjy3gpr72j8sjswm0gexdxwrys82kurd
Retro-EVO POSAT #169,nft16nfktxf7qr006zjd5y0zqwh45lcxshd3kc0f3z8afe5m3m0925tsyvqhaw,Drewski,did:chia:1tedggf7wqc0amxyjdwz43mku0gu7y40dscszh0pvp6wwcuarlphq8jhv4l,xch1d0s8m5gdvvlcg0cxf0fyxg4fheqvjfehha3ejplgkwp47hllpqnqxkqalj
Retro-EVO POSAT #142,nft1htjx7cnvkkyw2xdqw8gv4mrhjr3hyy37tlk2jmmzuvg4p4fl00zqdc2kk9,Drewski,did:chia:1tedggf7wqc0amxyjdwz43mku0gu7y40dscszh0pvp6wwcuarlphq8jhv4l,xch1yznxyvp9rucr3mc5rlk6g3vvqa6ac0qf0attzwmr2hd8ugdff60qqnywmp
SyntHexizer #20,nft1nznlc5hm6sw2du5rw8v06zq8czj7jq9xjtlma3zkfywfspxnx87sytgn4v,Drewski,did:chia:1tedggf7wqc0amxyjdwz43mku0gu7y40dscszh0pvp6wwcuarlphq8jhv4l,xch14cyahtakkd8ww2dcsqaa9ln6r0hgzlg825nxj66eddsnwthc2hwqhyztjj
SyntHexizer #42,nft1clzzz7ylg4wps562jcrgtlk7m2jyj5u26476sqx4anzrkflphyfs9ynr0z,Drewski,did:chia:1tedggf7wqc0amxyjdwz43mku0gu7y40dscszh0pvp6wwcuarlphq8jhv4l,xch1ckhhnwlqqr9srj2t24u9hnhwld6y3f4ed5fwdwhz78q6699xq0nqem8rrr
Proof of Synth and Time #53,nft1mmdgkp99pw7m5edsa779hkws4swveq7tny45kdcmrkc6nqdfqw0quntnmk,leafy_k,did:chia:1ukh47h6lsrprztdnan2ecvphxku9cpm9pe8rr2c3cxk0ldlhl63qu9485h,xch1u8t2k728m8twwy8exf9tr5xxa4g3x94y2m5anegnreush5t50tqq0ttprs
Retro-EVO POSAT #170,nft1gdj55zpvk0vh8fy4n38857eprjtrg0v4amsfcuzpnuxtjktw7hcqfqh3qx,Synthwave Andy,did:chia:1whapdrythg450xezlhxrnvgj8pac5w7f755z9pn0fv58xgl8l2lsgxl5mh,xch1vhu36u0s506u4yc75qn2es3p3ad3hapkz67m0hyyagk867yjxtts8m54mc
Retro-EVO POSAT #148,nft1pvtzqh2gmudxtkm89c7uzmuvjk05hfzy34nfe6sld63sycm8me0ql4u87y,Synthwave Andy,did:chia:1whapdrythg450xezlhxrnvgj8pac5w7f755z9pn0fv58xgl8l2lsgxl5mh,xch1s9m787u72rx4xxht2vgc3ezhyv56vmxs34slrt2p00d3vlx04n9qp9yzkn
Retro-EVO POSAT #198,nft1q7d3uu504hfjd97cw9mg9j8a83u765z05esc6uu9espgechhy63qtdwz9v,Synthwave Andy,did:chia:1whapdrythg450xezlhxrnvgj8pac5w7f755z9pn0fv58xgl8l2lsgxl5mh,xch1cqs8rpae27ewsj7g4kkgzrj7aexqkjpjw932l6ey8pcrvs3gktls4vdah6
Retro-EVO POSAT #268,nft1r2vd9xpnm2k9zslapzgxplecen7qpkn463cc0zyjak2dlm6ckzesmghys8,Synthwave Andy,did:chia:1whapdrythg450xezlhxrnvgj8pac5w7f755z9pn0fv58xgl8l2lsgxl5mh,xch1g7g4h350zxypg0gmmfx4s3qats0vvqqavv5tuyh6xsmdw3jyc65sqrzprz
Retro-EVO POSAT #189,nft18rp3uxl8cc5kh8canpdlmd6rzpv2qlu6ky4uxn234clwmrn04huqezul5m,Synthwave Andy,did:chia:1whapdrythg450xezlhxrnvgj8pac5w7f755z9pn0fv58xgl8l2lsgxl5mh,xch13d6zyv0ylyk9ta5jqs7hfecmd9tvq8pwwwg04mzx8j7cnd7z8ksq02kfve
Retro-EVO POSAT #213,nft1m0046f0d35unv7nxm6kj08n2u7qtqzqun69wkpa5vzzewm9h4j5qrth84r,Synthwave Andy,did:chia:1whapdrythg450xezlhxrnvgj8pac5w7f755z9pn0fv58xgl8l2lsgxl5mh,xch1dqe9akdjwczs0wdh4t8fuex5ktpcytj6q7czlc7a4p7yg8qxewgq3vj5yq
SyntHexizer #33,nft15t6sxehg9pcxf40xcw986h8ukxqnw7lcxqqvyadptz38q933n5eq05dqge,Synthwave Andy,did:chia:1whapdrythg450xezlhxrnvgj8pac5w7f755z9pn0fv58xgl8l2lsgxl5mh,xch1g08g2u5rnypqa23wvcccn2ny7kqv5gvpx3hcsy437cjwe06chwkqckvur5
Proof of Synth and Time #3,nft1ck2v9n4guplwfyl9hu029mysn5rnrp5p3qdqe9zjk28pjwan9q5qwqrckm,matholamew,did:chia:1x4fs7ynpkt52nk0y7e7f9ye84msq27yxr042ehhjrj6rem80xj4qmh6sfg,xch1xdacduwkwrw6ztm4ssf867d7nklgmvy77uakgk4ppm69w0473a5sn74phl
Proof of Synth and Time #105,nft1vtn6xts6vc0ys4dpkf43yjqht2wvr0vas3cyhtkspuws2kf2fyds9zx95n,matholamew,did:chia:1x4fs7ynpkt52nk0y7e7f9ye84msq27yxr042ehhjrj6rem80xj4qmh6sfg,xch14t56zjrfm37hgqvcwepc52pa9670j8sy0t26r5l9a6ah7f3gq0dsch3ntt
Proof of Synth and Time #296,nft18lz0c7mg6jagydnacwgypxazsmqdr5xn8k5kjrfu5q5u76lvyvfqcmdsuz,matholamew,did:chia:1x4fs7ynpkt52nk0y7e7f9ye84msq27yxr042ehhjrj6rem80xj4qmh6sfg,xch1gjdkqc2glrqzat58z4f6tgcrk22slw9f880jfh0lzny5p3gjtrzqq5cg02
Retro-EVO POSAT #73,nft123pg2fxy3q4gf7qyp9f50xvkulyw060ru9rp0mwf9rrsyzvzgyuqff2vsn,matholamew,did:chia:1x4fs7ynpkt52nk0y7e7f9ye84msq27yxr042ehhjrj6rem80xj4qmh6sfg,xch167wxq277tm4qvh7f8ncjw9dcjgq0zarpcgh6vgw3wur55g94505q2nlstv
Retro-EVO POSAT #2,nft1vjuwaruaff8advepa3r2j23cq3qgpdvzctuut0mnqe6trwcr7smq0sad8z,matholamew,did:chia:1x4fs7ynpkt52nk0y7e7f9ye84msq27yxr042ehhjrj6rem80xj4qmh6sfg,xch1ru0vcqfy39hlte2lw9sxpnu7hd7kjwg3rgw6gg5vpz9ae892r2mqelcj4r
SyntHexizer #16,nft1pxxs3v9r2dwyq6sretzh8hfa9mzg7f3x7rvjqh5q6vejfc6aqy2s3nncps,matholamew,did:chia:1x4fs7ynpkt52nk0y7e7f9ye84msq27yxr042ehhjrj6rem80xj4qmh6sfg,xch167wxq277tm4qvh7f8ncjw9dcjgq0zarpcgh6vgw3wur55g94505q2nlstv
Retro-EVO POSAT #41,nft1kd0mvjn7pd44fxfwkzymjf5hxfj94davcaj46wny6n02d2c2xynqlzrhtz,Mobius924,did:chia:1y4urvcm2htcwj7yh5ezxg4f6alshd29g3ldst5fdj0h9y29lj3gq5x75nl,xch1vc7hvh6wfwufdww8kkuu585qr30nkqu5nda32aqwxwpz0n0q5d0q60cp23
Proof of Synth and Time #40,nft1j3s6g3qh2x46juv3tp872jz8kl0fleeuddv5fxc7yzzqa48q8yys8tqqnn,Homeisfire,did:chia:1yz9te4wrh6a3gy20tecf2n4exc7t8dua0d2ztjde8dsfyatnq7csh82grz,xch1etu0qc7p62geg7glswdg0mggaw4dhcth4gj0e3g7pwm0x9aah6rqd222gm
Retro-EVO POSAT #172,nft1ycru52usnv85u08r0dpcz3y3pgsr4muntv4eg2esel3h76s5jykq3r9g8g,Homeisfire,did:chia:1yz9te4wrh6a3gy20tecf2n4exc7t8dua0d2ztjde8dsfyatnq7csh82grz,xch1nf6cv9rde7lxwe6u768hkr8vas85qxnwzvrj6hrjjg34y43ykmxswjxskt
Proof of Synth and Time #48,nft12swrhtk036936asxyzqwc39h4x3kzv475v3c9arx5xc8zhesjyqs76lpe7,üêÇ*Daryl*üêÇ,did:chia:1z49jng37mn4karenscwqt54nlv97hhhrs7sf7vjpgpv8hj92p9qs4q4vpg,xch18xwxq9246vlky8pxflvaj92d5qnh2nxf5qmgswpgndn2gf3lgh2s8lcr9z
Proof of Synth and Time #150,nft124ppud02jkvzq0phv47ds3ynu64es0z60797m62jdqttpnpw6w6sldg3ej,üêÇ*Daryl*üêÇ,did:chia:1z49jng37mn4karenscwqt54nlv97hhhrs7sf7vjpgpv8hj92p9qs4q4vpg,xch1wf9nq28q4484uhz077mseje3csxrp3y3mhaqdcxw5pvkd8gq58xqnv9kcc
Retro-EVO POSAT #163,nft1gz0zeqvjanz0vj5zxhj6aasfvvfkevpcg0lm6qt4tka7mx7ga7ysydxnkq,üêÇ*Daryl*üêÇ,did:chia:1z49jng37mn4karenscwqt54nlv97hhhrs7sf7vjpgpv8hj92p9qs4q4vpg,xch1sxznxu0u8p04f2x7zpvd6hfv7054eg2x8nuexvv24kcfd2vad4dsklp9e0
Retro-EVO POSAT #100,nft1f4us6tf6mg74xsa2f7a9jrvrdrtttw6xfjhmpey782tk474q8jsszw379l,LoganicusMaximus,did:chia:1zatkfkjpc7ujfr59838euchygr772vnqu7grc0zlwfde5yjjfuxs3galmy,xch1cmf75x9yqnv3p9n7j6nwcmkqnhn23a0s8c9xfrp89hn2ggjaeeuqzterfh
Proof of Synth and Time #27,nft1utgajxn36ar6qgc44rmmzz0m9e2ugrr0d8jhvz0dct3su0grkdtsjdlcyn,LoganicusMaximus,did:chia:1zatkfkjpc7ujfr59838euchygr772vnqu7grc0zlwfde5yjjfuxs3galmy,xch1zdf52ugzp9waqpgfyfmx0ls2v29j3gxm84fumedfd8ae5kcaqt5s2qyn7v
Proof of Synth and Time #56,nft1g6gz7dw79ntl397vjv5vpardr76erwnh0gxxy2l35r9uuw3pd0jspx4gda,LoganicusMaximus,did:chia:1zatkfkjpc7ujfr59838euchygr772vnqu7grc0zlwfde5yjjfuxs3galmy,xch1cmf75x9yqnv3p9n7j6nwcmkqnhn23a0s8c9xfrp89hn2ggjaeeuqzterfh
Proof of Synth and Time #99,nft1pz8kx7qyj94ggky3nrcur5uk3dfdk49d4zqqteapcntp8lxvudmqhf2gxj,LoganicusMaximus,did:chia:1zatkfkjpc7ujfr59838euchygr772vnqu7grc0zlwfde5yjjfuxs3galmy,xch1cmf75x9yqnv3p9n7j6nwcmkqnhn23a0s8c9xfrp89hn2ggjaeeuqzterfh
SynthBro SE,nft1zexckp4cj7j8xjfjdvdmz8qt20uzqfuqyqgcqadzkz8ym7ruan4q9d0n0v,LoganicusMaximus,did:chia:1zatkfkjpc7ujfr59838euchygr772vnqu7grc0zlwfde5yjjfuxs3galmy,xch16t49xahf3ttp3fw4yt6neu755mshenm0va5jyg7mlf56pka0g24qqaw2fa
Retro-EVO POSAT #107,nft1m9rjaw5lczsmn58hwecgtfvfs8apm7c4pq0ease37rea2k350jcsf28ypu,LoganicusMaximus,did:chia:1zatkfkjpc7ujfr59838euchygr772vnqu7grc0zlwfde5yjjfuxs3galmy,xch1cmf75x9yqnv3p9n7j6nwcmkqnhn23a0s8c9xfrp89hn2ggjaeeuqzterfh
Retro-EVO POSAT #196,nft1ga66qmnu4jehv0pgjgf4rgxwuz4jwvdypegk0awq2y62mnznp3qqtlvr9z,LoganicusMaximus,did:chia:1zatkfkjpc7ujfr59838euchygr772vnqu7grc0zlwfde5yjjfuxs3galmy,xch1cmf75x9yqnv3p9n7j6nwcmkqnhn23a0s8c9xfrp89hn2ggjaeeuqzterfh
SyntHexizer #40,nft1jc7dwsc5s7ml9pq45sr6zdrxh3vjwce02vs47fh0gccf2fy4ghtsmeju4x,LoganicusMaximus,did:chia:1zatkfkjpc7ujfr59838euchygr772vnqu7grc0zlwfde5yjjfuxs3galmy,xch1rszpd8tpslr5dmkrkdld2m4pd5c8ryxwgvyp5mfvrdpw55rsfdqqvxfh53
Proof of Synth and Time #256,nft1zxn5x7kasvkpkwkf4pezmhmagda87z572l8sqdyz9rp7n6dsr64s6fmchq,Quirky Giraffes - The collector,did:chia:1zhwaq0dmu2mpmccsze9av7aavw2000vj9r8860yqvw2e37snqqlqvu6dv7,xch1n7lsyu962cwhpd8d3ytggep69uyusng9f8r0gx2htrkmflf4rlnsjmwgzt
